step,graph_seed,split,entropy
50,0,0,0.000000e+00
50,0,1,0.000000e+00
50,0,2,0.000000e+00
50,0,3,0.000000e+00
50,0,4,0.000000e+00
50,0,5,0.000000e+00
50,0,6,0.000000e+00
50,0,7,0.000000e+00
50,0,8,0.000000e+00
50,0,9,0.000000e+00
50,1,0,-0.000000e+00
50,1,1,-0.000000e+00
50,1,2,-0.000000e+00
50,1,3,-0.000000e+00
50,1,4,-0.000000e+00
50,1,5,-0.000000e+00
50,1,6,-0.000000e+00
50,1,7,-0.000000e+00
50,1,8,-0.000000e+00
50,1,9,-0.000000e+00
50,2,0,0.000000e+00
50,2,1,0.000000e+00
50,2,2,0.000000e+00
50,2,3,0.000000e+00
50,2,4,0.000000e+00
50,2,5,0.000000e+00
50,2,6,0.000000e+00
50,2,7,0.000000e+00
50,2,8,0.000000e+00
50,2,9,0.000000e+00
50,3,0,-0.000000e+00
50,3,1,-0.000000e+00
50,3,2,-0.000000e+00
50,3,3,-0.000000e+00
50,3,4,-0.000000e+00
50,3,5,-0.000000e+00
50,3,6,-0.000000e+00
50,3,7,-0.000000e+00
50,3,8,-0.000000e+00
50,3,9,-0.000000e+00
50,4,0,0.000000e+00
50,4,1,0.000000e+00
50,4,2,0.000000e+00
50,4,3,0.000000e+00
50,4,4,0.000000e+00
50,4,5,0.000000e+00
50,4,6,0.000000e+00
50,4,7,0.000000e+00
50,4,8,0.000000e+00
50,4,9,0.000000e+00
50,5,0,-0.000000e+00
50,5,1,-0.000000e+00
50,5,2,-0.000000e+00
50,5,3,-0.000000e+00
50,5,4,-0.000000e+00
50,5,5,-0.000000e+00
50,5,6,-0.000000e+00
50,5,7,-0.000000e+00
50,5,8,-0.000000e+00
50,5,9,-0.000000e+00
50,6,0,-0.000000e+00
50,6,1,-0.000000e+00
50,6,2,-0.000000e+00
50,6,3,-0.000000e+00
50,6,4,-0.000000e+00
50,6,5,-0.000000e+00
50,6,6,-0.000000e+00
50,6,7,-0.000000e+00
50,6,8,-0.000000e+00
50,6,9,-0.000000e+00
50,7,0,0.000000e+00
50,7,1,0.000000e+00
50,7,2,0.000000e+00
50,7,3,0.000000e+00
50,7,4,0.000000e+00
50,7,5,0.000000e+00
50,7,6,0.000000e+00
50,7,7,0.000000e+00
50,7,8,0.000000e+00
50,7,9,0.000000e+00
50,8,0,-0.000000e+00
50,8,1,-0.000000e+00
50,8,2,-0.000000e+00
50,8,3,-0.000000e+00
50,8,4,-0.000000e+00
50,8,5,-0.000000e+00
50,8,6,-0.000000e+00
50,8,7,-0.000000e+00
50,8,8,-0.000000e+00
50,8,9,-0.000000e+00
50,9,0,-0.000000e+00
50,9,1,-0.000000e+00
50,9,2,-0.000000e+00
50,9,3,-0.000000e+00
50,9,4,-0.000000e+00
50,9,5,-0.000000e+00
50,9,6,-0.000000e+00
50,9,7,-0.000000e+00
50,9,8,-0.000000e+00
50,9,9,-0.000000e+00
50,10,0,-0.000000e+00
50,10,1,-0.000000e+00
50,10,2,-0.000000e+00
50,10,3,-0.000000e+00
50,10,4,-0.000000e+00
50,10,5,-0.000000e+00
50,10,6,-0.000000e+00
50,10,7,-0.000000e+00
50,10,8,-0.000000e+00
50,10,9,-0.000000e+00
50,11,0,-0.000000e+00
50,11,1,-0.000000e+00
50,11,2,-0.000000e+00
50,11,3,-0.000000e+00
50,11,4,-0.000000e+00
50,11,5,-0.000000e+00
50,11,6,-0.000000e+00
50,11,7,-0.000000e+00
50,11,8,-0.000000e+00
50,11,9,-0.000000e+00
50,12,0,0.000000e+00
50,12,1,0.000000e+00
50,12,2,0.000000e+00
50,12,3,0.000000e+00
50,12,4,0.000000e+00
50,12,5,0.000000e+00
50,12,6,0.000000e+00
50,12,7,0.000000e+00
50,12,8,0.000000e+00
50,12,9,0.000000e+00
50,13,0,-0.000000e+00
50,13,1,-0.000000e+00
50,13,2,-0.000000e+00
50,13,3,-0.000000e+00
50,13,4,-0.000000e+00
50,13,5,-0.000000e+00
50,13,6,-0.000000e+00
50,13,7,-0.000000e+00
50,13,8,-0.000000e+00
50,13,9,-0.000000e+00
50,14,0,-0.000000e+00
50,14,1,-0.000000e+00
50,14,2,-0.000000e+00
50,14,3,-0.000000e+00
50,14,4,-0.000000e+00
50,14,5,-0.000000e+00
50,14,6,-0.000000e+00
50,14,7,-0.000000e+00
50,14,8,-0.000000e+00
50,14,9,-0.000000e+00
50,15,0,-0.000000e+00
50,15,1,-0.000000e+00
50,15,2,-0.000000e+00
50,15,3,-0.000000e+00
50,15,4,-0.000000e+00
50,15,5,-0.000000e+00
50,15,6,-0.000000e+00
50,15,7,-0.000000e+00
50,15,8,-0.000000e+00
50,15,9,-0.000000e+00
50,16,0,0.000000e+00
50,16,1,0.000000e+00
50,16,2,0.000000e+00
50,16,3,0.000000e+00
50,16,4,0.000000e+00
50,16,5,0.000000e+00
50,16,6,0.000000e+00
50,16,7,0.000000e+00
50,16,8,0.000000e+00
50,16,9,0.000000e+00
50,17,0,0.000000e+00
50,17,1,0.000000e+00
50,17,2,0.000000e+00
50,17,3,0.000000e+00
50,17,4,0.000000e+00
50,17,5,0.000000e+00
50,17,6,0.000000e+00
50,17,7,0.000000e+00
50,17,8,0.000000e+00
50,17,9,0.000000e+00
50,18,0,-0.000000e+00
50,18,1,-0.000000e+00
50,18,2,-0.000000e+00
50,18,3,-0.000000e+00
50,18,4,-0.000000e+00
50,18,5,-0.000000e+00
50,18,6,-0.000000e+00
50,18,7,-0.000000e+00
50,18,8,-0.000000e+00
50,18,9,-0.000000e+00
50,19,0,0.000000e+00
50,19,1,0.000000e+00
50,19,2,0.000000e+00
50,19,3,0.000000e+00
50,19,4,0.000000e+00
50,19,5,0.000000e+00
50,19,6,0.000000e+00
50,19,7,0.000000e+00
50,19,8,0.000000e+00
50,19,9,0.000000e+00
100,0,0,0.000000e+00
100,0,1,0.000000e+00
100,0,2,0.000000e+00
100,0,3,0.000000e+00
100,0,4,0.000000e+00
100,0,5,0.000000e+00
100,0,6,0.000000e+00
100,0,7,0.000000e+00
100,0,8,0.000000e+00
100,0,9,0.000000e+00
100,1,0,0.000000e+00
100,1,1,0.000000e+00
100,1,2,0.000000e+00
100,1,3,0.000000e+00
100,1,4,0.000000e+00
100,1,5,0.000000e+00
100,1,6,0.000000e+00
100,1,7,0.000000e+00
100,1,8,0.000000e+00
100,1,9,0.000000e+00
100,2,0,0.000000e+00
100,2,1,0.000000e+00
100,2,2,0.000000e+00
100,2,3,0.000000e+00
100,2,4,0.000000e+00
100,2,5,0.000000e+00
100,2,6,0.000000e+00
100,2,7,0.000000e+00
100,2,8,0.000000e+00
100,2,9,0.000000e+00
100,3,0,-0.000000e+00
100,3,1,-0.000000e+00
100,3,2,-0.000000e+00
100,3,3,-0.000000e+00
100,3,4,-0.000000e+00
100,3,5,-0.000000e+00
100,3,6,-0.000000e+00
100,3,7,-0.000000e+00
100,3,8,-0.000000e+00
100,3,9,-0.000000e+00
100,4,0,0.000000e+00
100,4,1,0.000000e+00
100,4,2,0.000000e+00
100,4,3,0.000000e+00
100,4,4,0.000000e+00
100,4,5,0.000000e+00
100,4,6,0.000000e+00
100,4,7,0.000000e+00
100,4,8,0.000000e+00
100,4,9,0.000000e+00
100,5,0,-0.000000e+00
100,5,1,-0.000000e+00
100,5,2,-0.000000e+00
100,5,3,-0.000000e+00
100,5,4,-0.000000e+00
100,5,5,-0.000000e+00
100,5,6,-0.000000e+00
100,5,7,-0.000000e+00
100,5,8,-0.000000e+00
100,5,9,-0.000000e+00
100,6,0,0.000000e+00
100,6,1,0.000000e+00
100,6,2,0.000000e+00
100,6,3,0.000000e+00
100,6,4,0.000000e+00
100,6,5,0.000000e+00
100,6,6,0.000000e+00
100,6,7,0.000000e+00
100,6,8,0.000000e+00
100,6,9,0.000000e+00
100,7,0,0.000000e+00
100,7,1,0.000000e+00
100,7,2,0.000000e+00
100,7,3,0.000000e+00
100,7,4,0.000000e+00
100,7,5,0.000000e+00
100,7,6,0.000000e+00
100,7,7,0.000000e+00
100,7,8,0.000000e+00
100,7,9,0.000000e+00
100,8,0,0.000000e+00
100,8,1,0.000000e+00
100,8,2,0.000000e+00
100,8,3,0.000000e+00
100,8,4,0.000000e+00
100,8,5,0.000000e+00
100,8,6,0.000000e+00
100,8,7,0.000000e+00
100,8,8,0.000000e+00
100,8,9,0.000000e+00
100,9,0,0.000000e+00
100,9,1,0.000000e+00
100,9,2,0.000000e+00
100,9,3,0.000000e+00
100,9,4,0.000000e+00
100,9,5,0.000000e+00
100,9,6,0.000000e+00
100,9,7,0.000000e+00
100,9,8,0.000000e+00
100,9,9,0.000000e+00
100,10,0,-0.000000e+00
100,10,1,-0.000000e+00
100,10,2,-0.000000e+00
100,10,3,-0.000000e+00
100,10,4,-0.000000e+00
100,10,5,-0.000000e+00
100,10,6,-0.000000e+00
100,10,7,-0.000000e+00
100,10,8,-0.000000e+00
100,10,9,-0.000000e+00
100,11,0,0.000000e+00
100,11,1,0.000000e+00
100,11,2,0.000000e+00
100,11,3,0.000000e+00
100,11,4,0.000000e+00
100,11,5,0.000000e+00
100,11,6,0.000000e+00
100,11,7,0.000000e+00
100,11,8,0.000000e+00
100,11,9,0.000000e+00
100,12,0,0.000000e+00
100,12,1,0.000000e+00
100,12,2,0.000000e+00
100,12,3,0.000000e+00
100,12,4,0.000000e+00
100,12,5,0.000000e+00
100,12,6,0.000000e+00
100,12,7,0.000000e+00
100,12,8,0.000000e+00
100,12,9,0.000000e+00
100,13,0,-0.000000e+00
100,13,1,-0.000000e+00
100,13,2,-0.000000e+00
100,13,3,-0.000000e+00
100,13,4,-0.000000e+00
100,13,5,-0.000000e+00
100,13,6,-0.000000e+00
100,13,7,-0.000000e+00
100,13,8,-0.000000e+00
100,13,9,-0.000000e+00
100,14,0,0.000000e+00
100,14,1,0.000000e+00
100,14,2,0.000000e+00
100,14,3,0.000000e+00
100,14,4,0.000000e+00
100,14,5,0.000000e+00
100,14,6,0.000000e+00
100,14,7,0.000000e+00
100,14,8,0.000000e+00
100,14,9,0.000000e+00
100,15,0,-0.000000e+00
100,15,1,-0.000000e+00
100,15,2,-0.000000e+00
100,15,3,-0.000000e+00
100,15,4,-0.000000e+00
100,15,5,-0.000000e+00
100,15,6,-0.000000e+00
100,15,7,-0.000000e+00
100,15,8,-0.000000e+00
100,15,9,-0.000000e+00
100,16,0,0.000000e+00
100,16,1,0.000000e+00
100,16,2,0.000000e+00
100,16,3,0.000000e+00
100,16,4,0.000000e+00
100,16,5,0.000000e+00
100,16,6,0.000000e+00
100,16,7,0.000000e+00
100,16,8,0.000000e+00
100,16,9,0.000000e+00
100,17,0,0.000000e+00
100,17,1,0.000000e+00
100,17,2,0.000000e+00
100,17,3,0.000000e+00
100,17,4,0.000000e+00
100,17,5,0.000000e+00
100,17,6,0.000000e+00
100,17,7,0.000000e+00
100,17,8,0.000000e+00
100,17,9,0.000000e+00
100,18,0,0.000000e+00
100,18,1,0.000000e+00
100,18,2,0.000000e+00
100,18,3,0.000000e+00
100,18,4,0.000000e+00
100,18,5,0.000000e+00
100,18,6,0.000000e+00
100,18,7,0.000000e+00
100,18,8,0.000000e+00
100,18,9,0.000000e+00
100,19,0,0.000000e+00
100,19,1,0.000000e+00
100,19,2,0.000000e+00
100,19,3,0.000000e+00
100,19,4,0.000000e+00
100,19,5,0.000000e+00
100,19,6,0.000000e+00
100,19,7,0.000000e+00
100,19,8,0.000000e+00
100,19,9,0.000000e+00
150,0,0,0.000000e+00
150,0,1,0.000000e+00
150,0,2,0.000000e+00
150,0,3,0.000000e+00
150,0,4,0.000000e+00
150,0,5,0.000000e+00
150,0,6,0.000000e+00
150,0,7,0.000000e+00
150,0,8,0.000000e+00
150,0,9,0.000000e+00
150,1,0,0.000000e+00
150,1,1,0.000000e+00
150,1,2,0.000000e+00
150,1,3,0.000000e+00
150,1,4,0.000000e+00
150,1,5,0.000000e+00
150,1,6,0.000000e+00
150,1,7,0.000000e+00
150,1,8,0.000000e+00
150,1,9,0.000000e+00
150,2,0,0.000000e+00
150,2,1,0.000000e+00
150,2,2,0.000000e+00
150,2,3,0.000000e+00
150,2,4,0.000000e+00
150,2,5,0.000000e+00
150,2,6,0.000000e+00
150,2,7,0.000000e+00
150,2,8,0.000000e+00
150,2,9,0.000000e+00
150,3,0,0.000000e+00
150,3,1,0.000000e+00
150,3,2,0.000000e+00
150,3,3,0.000000e+00
150,3,4,0.000000e+00
150,3,5,0.000000e+00
150,3,6,0.000000e+00
150,3,7,0.000000e+00
150,3,8,0.000000e+00
150,3,9,0.000000e+00
150,4,0,0.000000e+00
150,4,1,0.000000e+00
150,4,2,0.000000e+00
150,4,3,0.000000e+00
150,4,4,0.000000e+00
150,4,5,0.000000e+00
150,4,6,0.000000e+00
150,4,7,0.000000e+00
150,4,8,0.000000e+00
150,4,9,0.000000e+00
150,5,0,0.000000e+00
150,5,1,0.000000e+00
150,5,2,0.000000e+00
150,5,3,0.000000e+00
150,5,4,0.000000e+00
150,5,5,0.000000e+00
150,5,6,0.000000e+00
150,5,7,0.000000e+00
150,5,8,0.000000e+00
150,5,9,0.000000e+00
150,6,0,0.000000e+00
150,6,1,0.000000e+00
150,6,2,0.000000e+00
150,6,3,0.000000e+00
150,6,4,0.000000e+00
150,6,5,0.000000e+00
150,6,6,0.000000e+00
150,6,7,0.000000e+00
150,6,8,0.000000e+00
150,6,9,0.000000e+00
150,7,0,0.000000e+00
150,7,1,0.000000e+00
150,7,2,0.000000e+00
150,7,3,0.000000e+00
150,7,4,0.000000e+00
150,7,5,0.000000e+00
150,7,6,0.000000e+00
150,7,7,0.000000e+00
150,7,8,0.000000e+00
150,7,9,0.000000e+00
150,8,0,0.000000e+00
150,8,1,0.000000e+00
150,8,2,0.000000e+00
150,8,3,0.000000e+00
150,8,4,0.000000e+00
150,8,5,0.000000e+00
150,8,6,0.000000e+00
150,8,7,0.000000e+00
150,8,8,0.000000e+00
150,8,9,0.000000e+00
150,9,0,0.000000e+00
150,9,1,0.000000e+00
150,9,2,0.000000e+00
150,9,3,0.000000e+00
150,9,4,0.000000e+00
150,9,5,0.000000e+00
150,9,6,0.000000e+00
150,9,7,0.000000e+00
150,9,8,0.000000e+00
150,9,9,0.000000e+00
150,10,0,0.000000e+00
150,10,1,0.000000e+00
150,10,2,0.000000e+00
150,10,3,0.000000e+00
150,10,4,0.000000e+00
150,10,5,0.000000e+00
150,10,6,0.000000e+00
150,10,7,0.000000e+00
150,10,8,0.000000e+00
150,10,9,0.000000e+00
150,11,0,0.000000e+00
150,11,1,0.000000e+00
150,11,2,0.000000e+00
150,11,3,0.000000e+00
150,11,4,0.000000e+00
150,11,5,0.000000e+00
150,11,6,0.000000e+00
150,11,7,0.000000e+00
150,11,8,0.000000e+00
150,11,9,0.000000e+00
150,12,0,0.000000e+00
150,12,1,0.000000e+00
150,12,2,0.000000e+00
150,12,3,0.000000e+00
150,12,4,0.000000e+00
150,12,5,0.000000e+00
150,12,6,0.000000e+00
150,12,7,0.000000e+00
150,12,8,0.000000e+00
150,12,9,0.000000e+00
150,13,0,0.000000e+00
150,13,1,0.000000e+00
150,13,2,0.000000e+00
150,13,3,0.000000e+00
150,13,4,0.000000e+00
150,13,5,0.000000e+00
150,13,6,0.000000e+00
150,13,7,0.000000e+00
150,13,8,0.000000e+00
150,13,9,0.000000e+00
150,14,0,0.000000e+00
150,14,1,0.000000e+00
150,14,2,0.000000e+00
150,14,3,0.000000e+00
150,14,4,0.000000e+00
150,14,5,0.000000e+00
150,14,6,0.000000e+00
150,14,7,0.000000e+00
150,14,8,0.000000e+00
150,14,9,0.000000e+00
150,15,0,0.000000e+00
150,15,1,0.000000e+00
150,15,2,0.000000e+00
150,15,3,0.000000e+00
150,15,4,0.000000e+00
150,15,5,0.000000e+00
150,15,6,0.000000e+00
150,15,7,0.000000e+00
150,15,8,0.000000e+00
150,15,9,0.000000e+00
150,16,0,0.000000e+00
150,16,1,0.000000e+00
150,16,2,0.000000e+00
150,16,3,0.000000e+00
150,16,4,0.000000e+00
150,16,5,0.000000e+00
150,16,6,0.000000e+00
150,16,7,0.000000e+00
150,16,8,0.000000e+00
150,16,9,0.000000e+00
150,17,0,0.000000e+00
150,17,1,0.000000e+00
150,17,2,0.000000e+00
150,17,3,0.000000e+00
150,17,4,0.000000e+00
150,17,5,0.000000e+00
150,17,6,0.000000e+00
150,17,7,0.000000e+00
150,17,8,0.000000e+00
150,17,9,0.000000e+00
150,18,0,0.000000e+00
150,18,1,0.000000e+00
150,18,2,0.000000e+00
150,18,3,0.000000e+00
150,18,4,0.000000e+00
150,18,5,0.000000e+00
150,18,6,0.000000e+00
150,18,7,0.000000e+00
150,18,8,0.000000e+00
150,18,9,0.000000e+00
150,19,0,0.000000e+00
150,19,1,0.000000e+00
150,19,2,0.000000e+00
150,19,3,0.000000e+00
150,19,4,0.000000e+00
150,19,5,0.000000e+00
150,19,6,0.000000e+00
150,19,7,0.000000e+00
150,19,8,0.000000e+00
150,19,9,0.000000e+00
200,0,0,0.000000e+00
200,0,1,0.000000e+00
200,0,2,0.000000e+00
200,0,3,0.000000e+00
200,0,4,0.000000e+00
200,0,5,0.000000e+00
200,0,6,0.000000e+00
200,0,7,0.000000e+00
200,0,8,0.000000e+00
200,0,9,0.000000e+00
200,1,0,0.000000e+00
200,1,1,0.000000e+00
200,1,2,0.000000e+00
200,1,3,0.000000e+00
200,1,4,0.000000e+00
200,1,5,0.000000e+00
200,1,6,0.000000e+00
200,1,7,0.000000e+00
200,1,8,0.000000e+00
200,1,9,0.000000e+00
200,2,0,0.000000e+00
200,2,1,0.000000e+00
200,2,2,0.000000e+00
200,2,3,0.000000e+00
200,2,4,0.000000e+00
200,2,5,0.000000e+00
200,2,6,0.000000e+00
200,2,7,0.000000e+00
200,2,8,0.000000e+00
200,2,9,0.000000e+00
200,3,0,0.000000e+00
200,3,1,0.000000e+00
200,3,2,0.000000e+00
200,3,3,0.000000e+00
200,3,4,0.000000e+00
200,3,5,0.000000e+00
200,3,6,0.000000e+00
200,3,7,0.000000e+00
200,3,8,0.000000e+00
200,3,9,0.000000e+00
200,4,0,0.000000e+00
200,4,1,0.000000e+00
200,4,2,0.000000e+00
200,4,3,0.000000e+00
200,4,4,0.000000e+00
200,4,5,0.000000e+00
200,4,6,0.000000e+00
200,4,7,0.000000e+00
200,4,8,0.000000e+00
200,4,9,0.000000e+00
200,5,0,0.000000e+00
200,5,1,0.000000e+00
200,5,2,0.000000e+00
200,5,3,0.000000e+00
200,5,4,0.000000e+00
200,5,5,0.000000e+00
200,5,6,0.000000e+00
200,5,7,0.000000e+00
200,5,8,0.000000e+00
200,5,9,0.000000e+00
200,6,0,0.000000e+00
200,6,1,0.000000e+00
200,6,2,0.000000e+00
200,6,3,0.000000e+00
200,6,4,0.000000e+00
200,6,5,0.000000e+00
200,6,6,0.000000e+00
200,6,7,0.000000e+00
200,6,8,0.000000e+00
200,6,9,0.000000e+00
200,7,0,0.000000e+00
200,7,1,0.000000e+00
200,7,2,0.000000e+00
200,7,3,0.000000e+00
200,7,4,0.000000e+00
200,7,5,0.000000e+00
200,7,6,0.000000e+00
200,7,7,0.000000e+00
200,7,8,0.000000e+00
200,7,9,0.000000e+00
200,8,0,0.000000e+00
200,8,1,0.000000e+00
200,8,2,0.000000e+00
200,8,3,0.000000e+00
200,8,4,0.000000e+00
200,8,5,0.000000e+00
200,8,6,0.000000e+00
200,8,7,0.000000e+00
200,8,8,0.000000e+00
200,8,9,0.000000e+00
200,9,0,0.000000e+00
200,9,1,0.000000e+00
200,9,2,0.000000e+00
200,9,3,0.000000e+00
200,9,4,0.000000e+00
200,9,5,0.000000e+00
200,9,6,0.000000e+00
200,9,7,0.000000e+00
200,9,8,0.000000e+00
200,9,9,0.000000e+00
200,10,0,0.000000e+00
200,10,1,0.000000e+00
200,10,2,0.000000e+00
200,10,3,0.000000e+00
200,10,4,0.000000e+00
200,10,5,0.000000e+00
200,10,6,0.000000e+00
200,10,7,0.000000e+00
200,10,8,0.000000e+00
200,10,9,0.000000e+00
200,11,0,0.000000e+00
200,11,1,0.000000e+00
200,11,2,0.000000e+00
200,11,3,0.000000e+00
200,11,4,0.000000e+00
200,11,5,0.000000e+00
200,11,6,0.000000e+00
200,11,7,0.000000e+00
200,11,8,0.000000e+00
200,11,9,0.000000e+00
200,12,0,0.000000e+00
200,12,1,0.000000e+00
200,12,2,0.000000e+00
200,12,3,0.000000e+00
200,12,4,0.000000e+00
200,12,5,0.000000e+00
200,12,6,0.000000e+00
200,12,7,0.000000e+00
200,12,8,0.000000e+00
200,12,9,0.000000e+00
200,13,0,0.000000e+00
200,13,1,0.000000e+00
200,13,2,0.000000e+00
200,13,3,0.000000e+00
200,13,4,0.000000e+00
200,13,5,0.000000e+00
200,13,6,0.000000e+00
200,13,7,0.000000e+00
200,13,8,0.000000e+00
200,13,9,0.000000e+00
200,14,0,0.000000e+00
200,14,1,0.000000e+00
200,14,2,0.000000e+00
200,14,3,0.000000e+00
200,14,4,0.000000e+00
200,14,5,0.000000e+00
200,14,6,0.000000e+00
200,14,7,0.000000e+00
200,14,8,0.000000e+00
200,14,9,0.000000e+00
200,15,0,0.000000e+00
200,15,1,0.000000e+00
200,15,2,0.000000e+00
200,15,3,0.000000e+00
200,15,4,0.000000e+00
200,15,5,0.000000e+00
200,15,6,0.000000e+00
200,15,7,0.000000e+00
200,15,8,0.000000e+00
200,15,9,0.000000e+00
200,16,0,0.000000e+00
200,16,1,0.000000e+00
200,16,2,0.000000e+00
200,16,3,0.000000e+00
200,16,4,0.000000e+00
200,16,5,0.000000e+00
200,16,6,0.000000e+00
200,16,7,0.000000e+00
200,16,8,0.000000e+00
200,16,9,0.000000e+00
200,17,0,0.000000e+00
200,17,1,0.000000e+00
200,17,2,0.000000e+00
200,17,3,0.000000e+00
200,17,4,0.000000e+00
200,17,5,0.000000e+00
200,17,6,0.000000e+00
200,17,7,0.000000e+00
200,17,8,0.000000e+00
200,17,9,0.000000e+00
200,18,0,0.000000e+00
200,18,1,0.000000e+00
200,18,2,0.000000e+00
200,18,3,0.000000e+00
200,18,4,0.000000e+00
200,18,5,0.000000e+00
200,18,6,0.000000e+00
200,18,7,0.000000e+00
200,18,8,0.000000e+00
200,18,9,0.000000e+00
200,19,0,0.000000e+00
200,19,1,0.000000e+00
200,19,2,0.000000e+00
200,19,3,0.000000e+00
200,19,4,0.000000e+00
200,19,5,0.000000e+00
200,19,6,0.000000e+00
200,19,7,0.000000e+00
200,19,8,0.000000e+00
200,19,9,0.000000e+00
